{"cameraMode":{"drawMode":0,"name":"Shaded","section":"Shading Mode"},"sceneLighting":true,"audioPlay":false,"sceneViewState":{"showFog":true,"showMaterialUpdate":false,"showSkybox":true,"showFlares":true,"showImageEffects":true,"showParticleSystems":true},"in2DMode":false,"pivot":{"x":-163.96694946289063,"y":-134.01568603515626,"z":632.7313232421875},"rotation":{"x":-0.2747787833213806,"y":0.5025497078895569,"z":-0.17230956256389619,"w":-0.8014060258865356},"size":275.8484191894531,"orthographic":false}