{"cameraMode":{"drawMode":0,"name":"Shaded","section":"Shading Mode"},"sceneLighting":true,"audioPlay":false,"sceneViewState":{"showFog":true,"showMaterialUpdate":false,"showSkybox":true,"showFlares":true,"showImageEffects":true,"showParticleSystems":true},"in2DMode":false,"pivot":{"x":-301.1988525390625,"y":136.7540283203125,"z":-207.6270294189453},"rotation":{"x":0.11370763182640076,"y":0.8840909600257874,"z":0.2842940092086792,"w":-0.35313335061073305},"size":420.1345520019531,"orthographic":false}